id,label
1359.jpg,nok
628.jpg,nok
1636.jpg,nok
1889.jpg,nok
2144.jpg,ok
826.jpg,ok
1572.jpg,nok
984.jpg,ok
2769.jpg,ok
889.jpg,ok
1898.jpg,ok
2226.jpg,nok
2667.jpg,nok
715.jpg,ok
2873.jpg,nok
236.jpg,ok
560.jpg,nok
317.jpg,ok
1318.jpg,nok
1169.jpg,nok
1343.jpg,nok
447.jpg,nok
2795.jpg,nok
1803.jpg,nok
444.jpg,ok
461.jpg,ok
2616.jpg,ok
1397.jpg,ok
1596.jpg,nok
2849.jpg,ok
1398.jpg,ok
377.jpg,nok
2918.jpg,ok
2976.jpg,nok
1758.jpg,ok
471.jpg,nok
884.jpg,ok
249.jpg,ok
2083.jpg,ok
2595.jpg,ok
1082.jpg,nok
1024.jpg,ok
2991.jpg,ok
684.jpg,nok
1824.jpg,ok
2030.jpg,nok
2218.jpg,nok
2294.jpg,ok
790.jpg,nok
321.jpg,ok
2548.jpg,ok
2409.jpg,nok
2886.jpg,nok
550.jpg,ok
2470.jpg,ok
1440.jpg,nok
792.jpg,ok
1460.jpg,ok
1876.jpg,nok
2328.jpg,nok
1207.jpg,nok
1292.jpg,nok
2247.jpg,nok
1583.jpg,ok
169.jpg,ok
646.jpg,nok
2216.jpg,nok
151.jpg,nok
339.jpg,ok
832.jpg,ok
611.jpg,nok
176.jpg,nok
1242.jpg,ok
563.jpg,ok
27.jpg,nok
483.jpg,ok
2613.jpg,nok
2107.jpg,nok
2090.jpg,ok
1325.jpg,nok
1957.jpg,ok
1807.jpg,ok
2516.jpg,ok
1295.jpg,ok
2825.jpg,ok
1008.jpg,nok
188.jpg,ok
723.jpg,ok
431.jpg,ok
2895.jpg,ok
205.jpg,ok
523.jpg,ok
1941.jpg,ok
2640.jpg,ok
1576.jpg,ok
627.jpg,nok
663.jpg,nok
2133.jpg,nok
1085.jpg,nok
1185.jpg,ok
1293.jpg,nok
2300.jpg,nok
596.jpg,ok
1011.jpg,nok
2496.jpg,ok
732.jpg,ok
63.jpg,nok
2128.jpg,nok
1759.jpg,ok
1046.jpg,nok
2136.jpg,nok
1774.jpg,ok
1235.jpg,nok
2728.jpg,nok
1694.jpg,ok
2880.jpg,ok
683.jpg,nok
758.jpg,ok
647.jpg,ok
156.jpg,ok
702.jpg,ok
1290.jpg,ok
1420.jpg,ok
2931.jpg,nok
2501.jpg,nok
435.jpg,nok
1192.jpg,nok
1878.jpg,ok
1855.jpg,ok
1700.jpg,nok
2264.jpg,ok
1038.jpg,nok
2301.jpg,nok
488.jpg,nok
344.jpg,nok
2860.jpg,nok
810.jpg,nok
573.jpg,nok
2992.jpg,ok
261.jpg,nok
1518.jpg,ok
2304.jpg,nok
2534.jpg,ok
2521.jpg,ok
1796.jpg,nok
2666.jpg,nok
1025.jpg,ok
2485.jpg,nok
1881.jpg,nok
1266.jpg,ok
2730.jpg,nok
2919.jpg,ok
1751.jpg,nok
1600.jpg,ok
863.jpg,nok
485.jpg,nok
726.jpg,nok
452.jpg,ok
1786.jpg,ok
2475.jpg,nok
273.jpg,ok
719.jpg,ok
1963.jpg,ok
2874.jpg,nok
1076.jpg,nok
2437.jpg,nok
1861.jpg,ok
775.jpg,ok
2095.jpg,ok
1785.jpg,nok
1894.jpg,ok
2334.jpg,nok
1209.jpg,ok
904.jpg,nok
1344.jpg,nok
417.jpg,ok
316.jpg,ok
2798.jpg,nok
2119.jpg,ok
2412.jpg,nok
2069.jpg,ok
703.jpg,ok
504.jpg,ok
2414.jpg,ok
908.jpg,ok
855.jpg,nok
2382.jpg,nok
714.jpg,ok
2174.jpg,ok
2784.jpg,ok
1934.jpg,ok
1309.jpg,ok
2772.jpg,nok
1075.jpg,ok
2347.jpg,nok
956.jpg,ok
2748.jpg,ok
43.jpg,ok
2600.jpg,ok
2596.jpg,nok
1355.jpg,ok
1003.jpg,nok
568.jpg,ok
1871.jpg,nok
2479.jpg,ok
518.jpg,ok
2336.jpg,ok
757.jpg,ok
1619.jpg,ok
2173.jpg,ok
96.jpg,nok
2693.jpg,nok
2236.jpg,ok
1664.jpg,ok
2656.jpg,ok
512.jpg,nok
211.jpg,nok
2632.jpg,ok
2488.jpg,ok
1829.jpg,ok
1605.jpg,nok
1034.jpg,ok
232.jpg,nok
1901.jpg,nok
251.jpg,ok
1887.jpg,ok
267.jpg,ok
288.jpg,ok
1851.jpg,ok
137.jpg,ok
1704.jpg,ok
2130.jpg,ok
1864.jpg,nok
52.jpg,ok
1549.jpg,nok
139.jpg,ok
1794.jpg,nok
2506.jpg,ok
1257.jpg,ok
672.jpg,ok
1071.jpg,ok
2553.jpg,ok
725.jpg,ok
2360.jpg,ok
2017.jpg,nok
2284.jpg,ok
46.jpg,ok
2255.jpg,nok
482.jpg,ok
2230.jpg,nok
216.jpg,nok
704.jpg,ok
193.jpg,ok
1738.jpg,ok
1719.jpg,ok
1713.jpg,ok
468.jpg,ok
2924.jpg,ok
2984.jpg,ok
1815.jpg,ok
1485.jpg,ok
2532.jpg,ok
2680.jpg,nok
763.jpg,nok
866.jpg,nok
818.jpg,nok
203.jpg,ok
1542.jpg,ok
2320.jpg,nok
2415.jpg,nok
2855.jpg,ok
2767.jpg,ok
2677.jpg,ok
712.jpg,ok
33.jpg,ok
2113.jpg,nok
2229.jpg,ok
1825.jpg,nok
777.jpg,nok
1595.jpg,nok
1294.jpg,ok
1417.jpg,ok
618.jpg,nok
285.jpg,nok
401.jpg,ok
590.jpg,nok
2105.jpg,ok
569.jpg,nok
2565.jpg,nok
1651.jpg,nok
1488.jpg,ok
1021.jpg,ok
1755.jpg,ok
2563.jpg,ok
1486.jpg,nok
1350.jpg,nok
2556.jpg,ok
2645.jpg,nok
1308.jpg,ok
2114.jpg,ok
1567.jpg,nok
1159.jpg,ok
837.jpg,ok
2560.jpg,ok
1379.jpg,ok
2190.jpg,ok
2022.jpg,ok
2636.jpg,ok
592.jpg,ok
1141.jpg,nok
64.jpg,ok
2901.jpg,ok
234.jpg,nok
589.jpg,nok
32.jpg,ok
375.jpg,ok
1568.jpg,nok
2448.jpg,nok
284.jpg,ok
768.jpg,ok
2814.jpg,nok
1136.jpg,nok
1093.jpg,ok
2321.jpg,ok
1083.jpg,nok
2910.jpg,ok
2203.jpg,nok
2619.jpg,nok
2338.jpg,nok
1532.jpg,nok
494.jpg,nok
2681.jpg,ok
1081.jpg,ok
852.jpg,nok
231.jpg,ok
1837.jpg,ok
2086.jpg,ok
1285.jpg,ok
262.jpg,nok
942.jpg,ok
643.jpg,ok
937.jpg,nok
2079.jpg,ok
2455.jpg,ok
1925.jpg,ok
1260.jpg,ok
1907.jpg,ok
1846.jpg,ok
2234.jpg,ok
1788.jpg,ok
1052.jpg,ok
1626.jpg,ok
2752.jpg,nok
119.jpg,nok
56.jpg,ok
2191.jpg,ok
559.jpg,ok
887.jpg,nok
2007.jpg,ok
2062.jpg,ok
582.jpg,ok
1019.jpg,ok
2896.jpg,nok
2059.jpg,ok
1654.jpg,nok
1012.jpg,ok
397.jpg,ok
2472.jpg,ok
379.jpg,ok
1808.jpg,ok
2827.jpg,ok
2087.jpg,nok
552.jpg,ok
2376.jpg,ok
1919.jpg,ok
755.jpg,ok
1269.jpg,ok
1091.jpg,ok
1000.jpg,ok
1423.jpg,nok
1849.jpg,nok
979.jpg,nok
874.jpg,ok
1709.jpg,ok
1445.jpg,ok
2098.jpg,ok
1977.jpg,ok
1134.jpg,ok
2618.jpg,ok
181.jpg,nok
1300.jpg,nok
1005.jpg,ok
1384.jpg,ok
2507.jpg,nok
1945.jpg,ok
2082.jpg,ok
1222.jpg,ok
859.jpg,nok
2281.jpg,ok
1215.jpg,nok
2966.jpg,nok
1176.jpg,ok
2858.jpg,nok
103.jpg,nok
734.jpg,ok
1857.jpg,ok
1002.jpg,ok
731.jpg,ok
2315.jpg,nok
1648.jpg,ok
81.jpg,nok
1022.jpg,nok
1258.jpg,ok
374.jpg,ok
1831.jpg,ok
1324.jpg,ok
938.jpg,nok
1156.jpg,nok
772.jpg,nok
2835.jpg,nok
1248.jpg,nok
2908.jpg,nok
640.jpg,ok
736.jpg,ok
1924.jpg,nok
1234.jpg,ok
1389.jpg,nok
76.jpg,ok
948.jpg,ok
1834.jpg,ok
2654.jpg,nok
2167.jpg,nok
1946.jpg,ok
2445.jpg,nok
2076.jpg,nok
469.jpg,ok
782.jpg,nok
1993.jpg,ok
678.jpg,ok
111.jpg,ok
1206.jpg,nok
1607.jpg,ok
1526.jpg,ok
1403.jpg,nok
1238.jpg,nok
1010.jpg,nok
2452.jpg,nok
2340.jpg,nok
2209.jpg,nok
1447.jpg,ok
2071.jpg,ok
1624.jpg,nok
2380.jpg,ok
305.jpg,ok
66.jpg,ok
1821.jpg,nok
1524.jpg,ok
1735.jpg,ok
2771.jpg,nok
2574.jpg,nok
846.jpg,ok
2158.jpg,ok
2332.jpg,ok
1787.jpg,nok
320.jpg,ok
623.jpg,ok
848.jpg,ok
1077.jpg,nok
2949.jpg,nok
2390.jpg,ok
1446.jpg,ok
1747.jpg,ok
1870.jpg,ok
1429.jpg,ok
1983.jpg,ok
766.jpg,nok
187.jpg,ok
2676.jpg,nok
2155.jpg,ok
915.jpg,ok
1478.jpg,ok
2515.jpg,ok
1023.jpg,nok
2893.jpg,ok
1158.jpg,nok
2779.jpg,ok
1743.jpg,ok
1701.jpg,nok
622.jpg,nok
1822.jpg,nok
2575.jpg,ok
1707.jpg,nok
2604.jpg,ok
1764.jpg,ok
2884.jpg,ok
923.jpg,nok
1761.jpg,ok
1634.jpg,ok
454.jpg,nok
765.jpg,ok
2628.jpg,ok
65.jpg,ok
2541.jpg,nok
1336.jpg,ok
166.jpg,nok
22.jpg,ok
2520.jpg,ok
2365.jpg,nok
1645.jpg,ok
1332.jpg,ok
873.jpg,ok
2615.jpg,ok
95.jpg,nok
427.jpg,ok
1310.jpg,ok
1454.jpg,nok
1498.jpg,ok
1507.jpg,ok
2032.jpg,ok
2249.jpg,ok
2008.jpg,nok
2897.jpg,ok
2518.jpg,ok
2244.jpg,ok
558.jpg,nok
2903.jpg,ok
1340.jpg,ok
642.jpg,nok
1705.jpg,ok
759.jpg,nok
215.jpg,ok
1039.jpg,ok
2558.jpg,nok
1742.jpg,ok
2181.jpg,nok
2461.jpg,nok
2591.jpg,ok
373.jpg,nok
333.jpg,ok
2955.jpg,nok
2099.jpg,ok
2489.jpg,ok
2876.jpg,ok
1315.jpg,ok
530.jpg,nok
2797.jpg,nok
625.jpg,ok
1149.jpg,ok
1641.jpg,nok
795.jpg,nok
2509.jpg,ok
1122.jpg,ok
162.jpg,nok
326.jpg,nok
470.jpg,nok
2327.jpg,ok
68.jpg,ok
189.jpg,ok
636.jpg,ok
926.jpg,nok
2325.jpg,ok
2157.jpg,ok
973.jpg,ok
1689.jpg,nok
2194.jpg,ok
789.jpg,nok
1462.jpg,nok
2571.jpg,nok
1056.jpg,nok
2819.jpg,nok
1049.jpg,nok
1320.jpg,ok
2818.jpg,nok
286.jpg,ok
1844.jpg,nok
1987.jpg,nok
872.jpg,ok
1043.jpg,ok
1288.jpg,ok
1550.jpg,ok
2016.jpg,ok
